<?xml version="1.0" encoding="UTF-8"?>

<templates xml:space="preserve">
    <t t-name="DynamicBsMain">
        <div class="DynamicPlMain">
            <div class="FiltersSectionBs">
                <!--<t t-call="UserFilters"/>-->
            </div>
            <div class="ControlSectionBs">
                <!--<t t-call="ControlButtons"/>-->
            </div>
            <div class="DataSectionBs">
                <!--<t t-call="AccountContents"/>-->
            </div>
        </div>
    </t>

    <t t-name="HeaderSectionBs">
        <!-- Place here to display as header -->
    </t>

    <t t-name="CompanyDatefilterLineBs">
        <div class="row filter-row">
            <div class="col-sm-2">
                <p><b>Date filters</b></p>
            </div>
            <div class="col-sm-4 date-filters">
            </div>
            <div class="col-sm-2" style="visibility:hidden">
                <p><b>Company</b></p>
            </div>
            <div class="col-sm-4 multi-companies" style="visibility:hidden">
            </div>
        </div><!-- row -->
    </t>

    <t t-name="DatefilterSelectionLineBs">
        <!-- Filters -->
        <select class="dynamic-datefilter-multiple" name="states[]" multiple="multiple">
            <option value="today">Today</option>
            <option value="this_week">This week</option>
            <option value="this_month">This month</option>
            <option value="this_quarter">This quarter</option>
            <option value="this_financial_year">This financial year</option>
            <option value="yesterday">Yesterday</option>
            <option value="last_week">Last week</option>
            <option value="last_month">Last month</option>
            <option value="last_quarter">Last quarter</option>
            <option value="last_financial_year">Last financial year </option>
        </select>
    </t>

    <t t-name="MultiCompaniesBs">
        <select class="dynamic-company-multiple" name="states[]" multiple="multiple">
            <t t-foreach="companies" t-as="company">
                <option t-attf-value="{{company.code}}"><t t-esc="company.name"/></option>
                <!--<option value="AL">Sales journal</option>-->
            </t>
        </select>
    </t>

    <t t-name="UserFiltersBs">
        <div class="account_filter_pl">

        </div>
    </t>

    <t t-name="ControlButtonsBs">
        <div class="control_buttons_pl">
            <div class="row filter-row">
                <div class="col-sm-4" align="left">
                    <button id="pdf_button" type="button" class="btn btn-success"><span class="fa fa-download"/> PDF</button>
                    <button id="xlsx_button" type="button" class="btn btn-success"><span class="fa fa-download"/> XLSX</button>
                </div>
                <div class="col-sm-4" align="center">
                    <button id="filter_button" type="button" class="btn btn-success"><span class="fa fa-filter"/> Filter</button>
                    <button id="apply_button" type="button" class="btn btn-success"><span class="fa fa-arrow-down"/> Apply</button>
                </div>
                <div class="col-sm-4" align="right">
                    <button id="expand_all" type="button" class="btn btn-success"><span class="fa fa-expand"/> Expand all</button>
                    <button id="merge_all" type="button" class="btn btn-success"><span class="fa fa-compress"/> Merge all</button>
                </div>
            </div>

        </div>
    </t>

    <t t-name="TargetAccountsLineBs">
        <div class="row filter-row">
            <div class="col-sm-2">
                <b>Target moves</b>
            </div>
            <div class="col-sm-4">
                <div class="form-check form-check-inline">
                  <label class="form-check-label">
                      <input class="form-check-input" type="radio" name="targetMoves" id="all_posted_entries" value="option1" checked="1">All posted entries</input>
                      <input class="form-check-input" type="radio" name="targetMoves" id="all_entries" value="option2">All entries</input>
                  </label>
                </div>
            </div>
            <div class="col-sm-2">
                <b>Display Credit/Debit columns</b>
            </div>
            <div class="col-sm-4">
                <div class="form-check form-check-inline">
                  <label class="form-check-label">
                      <input class="form-check-input" type="radio" name="displayAccounts" id="credit_debit_yes" value="credit_debit_yes">Yes</input>
                      <input class="form-check-input" type="radio" name="displayAccounts" id="credit_debit_no" value="credit_debit_no" checked="1">No</input>
                  </label>
                </div>
            </div>
        </div>
    </t>

    <t t-name="DateLineBs">
        <div class="row filter-row">
            <div class="col-sm-2">
                <p><b>Start date</b></p>
            </div>
            <div class="col-sm-4">
                <div class='input-group date' id='from_date_pl'>
                    <input type='text' class="form-control" />
                    <span class="input-group-addon">
                        <span class="glyphicon glyphicon-calendar"></span>
                    </span>
                </div>
            </div>
            <div class="col-sm-2">
                <p><b>End date</b></p>
            </div>
            <div class="col-sm-4">
                <div class='input-group date' id='to_date_pl'>
                    <input type='text' class="form-control" />
                    <span class="input-group-addon">
                        <span class="glyphicon glyphicon-calendar"></span>
                    </span>
                </div>
            </div>
        </div>
    </t>

    <t t-name="ComparisonLineBs">
        <div class="row filter-row">
            <div class="col-sm-2">
                <b>Enable Comparison</b>
            </div>
            <div class="col-sm-4">
                <div class="form-check form-check-inline">
                  <label class="form-check-label">
                      <input class="form-check-input" type="radio" name="enable_comparison" id="enable_comparison" value="option5">Yes</input>
                      <input class="form-check-input" type="radio" name="enable_comparison" id="disable_comparison" value="option6" checked="1">No</input>
                  </label>
                </div>
            </div>
        </div>
        <div class="row filter-row comparison">
            <div class="col-sm-2">
                <b>Column Label</b>
            </div>
            <div class="col-sm-4">
                <input type="text" class="label_filter" name="label_filter"/>
            </div>
            <div class="col-sm-2">
                <b>Filter By</b>
            </div>
            <div class="col-sm-4">
                <div class="form-check form-check-inline">
                    <select class="dynamic-filter-by-multiple" name="states[]" multiple="multiple">
                        <option value="no_filter">No filter</option>
                        <option value="by_date">By date</option>
                    </select>
                </div>
            </div>
        </div>

        <div class="row filter-row comparison-dates">
            <div class="col-sm-2">
                <p><b>Start date</b></p>
            </div>
            <div class="col-sm-4">
                <div class='input-group date' id='filter_from_date'>
                    <input type='text' class="form-control" />
                    <span class="input-group-addon">
                        <span class="glyphicon glyphicon-calendar"></span>
                    </span>
                </div>
            </div>
            <div class="col-sm-2">
                <p><b>End date</b></p>
            </div>
            <div class="col-sm-4">
                <div class='input-group date' id='filter_to_date'>
                    <input type='text' class="form-control" />
                    <span class="input-group-addon">
                        <span class="glyphicon glyphicon-calendar"></span>
                    </span>
                </div>
            </div>
        </div>
    </t>

    <t t-name="AccountContentsBs">
        <div class="report_header">
            <div class="col-xs-4" align="center">
                <h3>Balance Sheet</h3>
            </div>
        </div>
        <t t-set="data" t-value="widget.result.data"></t>
        <t t-set="get_account_lines" t-value="widget.result.get_account_lines"></t>

        <div class="cont">

            <div class="row mt32 mb32">
                <div class="col-xs-4">
                    <strong>Target Moves:</strong>
                    <p>
                        <span t-if="data['target_move'] == 'all'">All Entries</span>
                        <span t-if="data['target_move'] == 'posted'">All Posted Entries</span>
                    </p>
                </div>
                <div class="col-xs-4">
                    <p>
                        <t t-if="data['date_from']"><strong>Date from :</strong> <span t-esc="data['date_from']"/><br/></t>
                        <t t-if="data['date_to']"><strong>Date to :</strong> <span t-esc="data['date_to']"/></t>
                    </p>
                </div>
            </div>

            <table class="table table-condensed" t-if="data['debit_credit'] == 1">
                <thead>
                    <tr>
                        <th>Name</th>
                        <th class="text-right">Debit</th>
                        <th class="text-right">Credit</th>
                        <th class="text-right">Balance</th>
                    </tr>
                </thead>
                <tbody>
                    <tr t-foreach="get_account_lines" t-as="a">
                        <t t-if="a['level'] != 0">
                            <t t-if="a['style_type'] == 'main'">
                                <tr style="font-weight:bold;
                                    border-bottom-style: double;"
                                    t-attf-class="row-toggle {{a['parent']}}"
                                    t-attf-data-target=".{{a['self_id']}}"
                                    data-toggle="collapse">
                                        <td>
                                            <t t-foreach="a['list_len']" t-as="i">
                                                <span>&amp;nbsp;</span>
                                                <span>&amp;nbsp;</span>
                                            </t>
                                            <span t-att-style="style" t-esc="a['name']"/>
                                        </td>
                                        <td class="text-right"><span t-esc="widget.format_currency_with_symbol(a['debit'],a['precision'],a['symbol'],a['position'])"/></td>
                                        <td class="text-right"><span t-esc="widget.format_currency_with_symbol(a['credit'],a['precision'],a['symbol'],a['position'])"/></td>
                                        <td class="text-right"><span t-esc="widget.format_currency_with_symbol(a['balance'],a['precision'],a['symbol'],a['position'])"/></td>
                                </tr>
                            </t>
                            <t t-if="a['style_type'] == 'sub'">
                                <tr style="font-weight:normal;"
                                    t-attf-class="row-toggle row-toggle-line {{a['parent']}}"
                                    t-attf-data-target=".{{a['self_id']}}"
                                    data-toggle="collapse">
                                        <td>
                                            <t t-foreach="a['list_len']" t-as="i">
                                                <span>&amp;nbsp;</span>
                                            </t>
                                            <span t-att-style="style" t-esc="a['name']"/>
                                        </td>
                                        <td class="text-right"><span t-esc="widget.format_currency_with_symbol(a['debit'],a['precision'],a['symbol'],a['position'])"/></td>
                                        <td class="text-right"><span t-esc="widget.format_currency_with_symbol(a['credit'],a['precision'],a['symbol'],a['position'])"/></td>
                                        <td class="text-right"><span t-esc="widget.format_currency_with_symbol(a['balance'],a['precision'],a['symbol'],a['position'])"/></td>
                                </tr>
                            </t>
                        </t>

                    </tr>
                </tbody>
            </table>

            <table class="table table-condensed" t-if="data['enable_filter'] == 0 and data['debit_credit'] == 0">
                <thead>
                    <tr>
                        <th>Name</th>
                        <th class="text-right">Balance</th>
                    </tr>
                </thead>
                <tbody>
                    <tr t-foreach="get_account_lines" t-as="a">
                        <t t-if="a['level'] != 0">
                            <t t-if="a['style_type'] == 'main'">
                                <tr style="font-weight:bold;
                                    border-bottom-style: double;"
                                    t-attf-class="row-toggle {{a['parent']}}"
                                    t-attf-data-target=".{{a['self_id']}}"
                                    data-toggle="collapse">
                                        <td>
                                            <t t-foreach="a['list_len']" t-as="i">
                                                <span>&amp;nbsp;</span>
                                                <span>&amp;nbsp;</span>
                                            </t>
                                            <span t-att-style="style" t-esc="a['name']"/>
                                        </td>
                                        <td class="text-right"><span t-esc="widget.format_currency_with_symbol(a['balance'],a['precision'],a['symbol'],a['position'])"/></td>
                                </tr>
                            </t>
                            <t t-if="a['style_type'] == 'sub'">
                                <tr style="font-weight:normal;"
                                    t-attf-class="row-toggle row-toggle-line {{a['parent']}}"
                                    t-attf-data-target=".{{a['self_id']}}"
                                    data-toggle="collapse">
                                        <td>
                                            <t t-foreach="a['list_len']" t-as="i">
                                                <span>&amp;nbsp;</span>
                                            </t>
                                            <span t-att-style="style" t-esc="a['name']"/>
                                        </td>
                                        <td class="text-right"><span t-esc="widget.format_currency_with_symbol(a['balance'],a['precision'],a['symbol'],a['position'])"/></td>
                                </tr>
                            </t>
                        </t>
                    </tr>
                </tbody>
            </table>

            <table class="table" t-if="data['enable_filter'] == 1 and data['debit_credit'] == 0">
                <tr style="background-color:cyan;">
                    <th style="text-align:center;padding:0px;">Name</th>
                    <th style="padding:0px;" class="text-right">Balance</th>
                    <th style="padding:0px;" class="text-right"><span t-esc="data['label_filter']"/></th>
                </tr>

                <t t-foreach="get_account_lines" t-as="a">
                    <t t-if="a['level'] != 0">
                        <t t-if="a['style_type'] == 'main'">
                            <tr style="font-weight:bold;
                                border-bottom-style: double;"
                                t-attf-class="row-toggle {{a['parent']}}"
                                t-attf-data-target=".{{a['self_id']}}"
                                data-toggle="collapse">
                                    <td>
                                        <t t-foreach="a['list_len']" t-as="i">
                                            <span>&amp;nbsp;</span>
                                            <span>&amp;nbsp;</span>
                                        </t>
                                        <span t-att-style="style" t-esc="a['name']"/>
                                    </td>
                                    <td class="text-right"><span t-esc="widget.format_currency_with_symbol(a['balance'],a['precision'],a['symbol'],a['position'])"/></td>
                                    <td class="text-right"><span t-esc="widget.format_currency_with_symbol(a['balance_cmp'],a['precision'],a['symbol'],a['position'])"/></td>
                            </tr>
                        </t>
                        <t t-if="a['style_type'] == 'sub'">
                            <tr style="font-weight:normal;"
                                t-attf-class="row-toggle row-toggle-line {{a['parent']}}"
                                t-attf-data-target=".{{a['self_id']}}"
                                data-toggle="collapse">
                                    <td>
                                        <t t-foreach="a['list_len']" t-as="i">
                                            <span>&amp;nbsp;</span>
                                        </t>
                                        <span t-att-style="style" t-esc="a['name']"/>
                                    </td>
                                    <td class="text-right"><span t-esc="widget.format_currency_with_symbol(a['balance'],a['precision'],a['symbol'],a['position'])"/></td>
                                    <td class="text-right"><span t-esc="widget.format_currency_with_symbol(a['balance_cmp'],a['precision'],a['symbol'],a['position'])"/></td>
                            </tr>
                        </t>
                    </t>
                </t>


            </table>
        </div>

    </t>

</templates>